Question,Answer
1. What is the main focus of the Sustainable Development Goals (SDGs) mentioned in the text?,"The main focus of the Sustainable Development Goals (SDGs) mentioned in the text is to address and work towards ending extreme poverty, hunger, promoting good health and well-being, ensuring quality education for all, protecting the environment, promoting peace and justice, reducing inequality, and fostering sustainable economic growth and innovation."
2. How many countries came together to create the SDGs?,Leaders from 193 countries came together to create the Sustainable Development Goals (SDGs).
3. What is the goal related to poverty mentioned in the text?,"The goal related to poverty mentioned in the text is to ""End extreme poverty in all forms by 2030."""
4. How has hunger improved in the past 20 years according to the text?,Hunger has improved in the past 20 years as it has dropped by almost half. Many countries that used to suffer from famine and hunger can now meet the nutritional needs of their most vulnerable people.
5. What is the goal related to education mentioned in the text?,"The goal related to education mentioned in the text is to ""Ensure inclusive and equitable quality education and promote lifelong learning opportunities for all."""
6. How does the text address the issue of gender equality?,"The text addresses the issue of gender equality by acknowledging the existing gross inequalities in work, wages, unpaid ""women's work,"" and discrimination in public decision-making. It also highlights the progress made, such as more girls in school compared to 2000 and regions reaching gender parity in primary education. The Sustainable Development Goals aim to build on these achievements to end discrimination against women and girls everywhere."
7. What is the goal related to access to clean water and sanitation?,"The goal related to access to clean water and sanitation is ""Ensure availability and sustainable management of water and sanitation for all."""
8. How has access to electricity changed between 1990 and 2010 according to the text?,"Between 1990 and 2010, the number of people with access to electricity increased by 1.7 billion according to the text."
9. What is the goal related to economic growth and employment mentioned in the text?,"The goal related to economic growth and employment mentioned in the text is ""Promote sustained, inclusive and sustainable economic growth, full and productive employment, and decent work for all."""
10. How does the text address the issue of climate change and its impacts?,"The text addresses the issue of climate change and its impacts by highlighting the urgent need to combat climate change. It mentions that every country is experiencing the drastic effects of climate change, with annual losses from natural disasters amounting to hundreds of billions of dollars. The text emphasizes the importance of reducing the loss of life and property by helping vulnerable regions become more resilient. It also mentions the goal of limiting the increase in global mean temperature to two degrees Celsius above pre-industrial levels to avoid the worst effects of climate change. The Sustainable Development Goals provide a framework for countries to work together to meet this urgent challenge."
